-- phpMyAdmin SQL Dump
-- version 4.8.3
-- https://www.phpmyadmin.net/
--
-- Servidor: 127.0.0.1
-- Tiempo de generación: 17-04-2023 a las 09:25:43
-- Versión del servidor: 10.1.36-MariaDB
-- Versión de PHP: 7.2.10

SET SQL_MODE = "NO_AUTO_VALUE_ON_ZERO";
SET AUTOCOMMIT = 0;
START TRANSACTION;
SET time_zone = "+00:00";


/*!40101 SET @OLD_CHARACTER_SET_CLIENT=@@CHARACTER_SET_CLIENT */;
/*!40101 SET @OLD_CHARACTER_SET_RESULTS=@@CHARACTER_SET_RESULTS */;
/*!40101 SET @OLD_COLLATION_CONNECTION=@@COLLATION_CONNECTION */;
/*!40101 SET NAMES utf8mb4 */;

--
-- Base de datos: `prueba_suplos`
--

-- --------------------------------------------------------

--
-- Estructura de tabla para la tabla `categoria`
--

CREATE TABLE `categoria` (
  `id` int(11) NOT NULL,
  `nombre` varchar(191) COLLATE utf8_unicode_ci DEFAULT NULL
) ENGINE=InnoDB DEFAULT CHARSET=utf8 COLLATE=utf8_unicode_ci;

--
-- Volcado de datos para la tabla `categoria`
--

INSERT INTO `categoria` (`id`, `nombre`) VALUES
(101015, 'Animales de granja'),
(101016, 'Pajaros y aves de corral'),
(101017, 'Peces '),
(101018, 'Mariscos e invertebrados acu?ticos'),
(101019, 'Insectos'),
(101020, 'Animales salvajes'),
(101113, 'Tratamientos para los animales dom?sticos y accesorios y equipo'),
(101215, 'Pienso para ganado'),
(101216, 'Alimento para p?jaros y aves de corral'),
(101217, 'Alimento para peces'),
(101218, 'Alimento para perros y gatos'),
(101219, 'Alimento para roedores'),
(101220, 'Alimento para reptiles'),
(101221, 'Comida para animales variados'),
(101315, 'Cobertizos para animales'),
(101316, 'Recipientes para animales'),
(101317, 'H?bitat para animales'),
(101415, 'Talabarter?a'),
(101416, 'Arneses'),
(101515, 'Semillas y pl?ntulas vegetales'),
(101516, 'Semillas de cereales'),
(101517, 'Semillas y pl?ntulas de hierba y forraje'),
(101518, 'Semillas y pl?ntulas de especias'),
(101519, 'Semillas, bulbos, pl?ntulas y esquejes de flores'),
(101520, 'Semillas y esquejes de ?rboles y arbustos'),
(101521, 'Residuos que no sean de piensos'),
(101522, 'Semillas de cultivos fibrosos y semilleros'),
(101615, '?rboles y arbustos'),
(101616, 'Plantas florales'),
(101618, 'Plantas sin flor'),
(101619, 'Productos florales secos'),
(101715, 'Abonos org?nicos y nutrientes para plantas'),
(101716, 'Abonos qu?micos y nutrientes para plantas'),
(101717, 'Herbicidas'),
(101718, 'Acondicionadores de suelos'),
(101915, 'Pesticidas o repelentes de plagas'),
(101917, 'Dispositivos para control de plagas'),
(102015, 'Rosales vivos azules o lavanda o p?rpura'),
(102016, 'Rosales vivos chocolate o marr?n'),
(102017, 'Rosales vivos crema'),
(102018, 'Rosales vivos verdes o lima'),
(102019, 'Rosales vivos rosado claro'),
(102020, 'Rosales vivos multicolor rosados'),
(102021, 'Rosales vivos anaranjados'),
(102022, 'Rosales vivos durazno'),
(102023, 'Rosales vivos rosados'),
(102024, 'Rosales vivos rojos o burgundy'),
(102025, 'Rosales vivos sweetheart'),
(102026, 'Rosales vivos blancos'),
(102027, 'Rosales vivos amarillos'),
(102028, 'Rosales vivos spray'),
(102115, 'Anturios vivos'),
(102116, 'Allium vivo'),
(102117, 'Astromelia viva'),
(102118, 'Amaranto vivo'),
(102119, 'Amaryllis vivo'),
(102120, 'An?mona viva'),
(102121, 'Asclepia viva'),
(102122, 'Aster viva'),
(102123, 'Berzelia viva'),
(102124, 'Bouvaria viva'),
(102125, 'Brodiaea viva'),
(102126, 'Calla viva'),
(102128, 'Celosia viva'),
(102129, 'Narciso vivo'),
(102130, 'Dalia viva'),
(102131, 'Delphinium vivo'),
(102132, 'Clavel (dianthus) vivo'),
(102133, 'Eremruses vivas'),
(102134, 'Brezo (erica) viva'),
(102135, 'Euphorbia viva'),
(102136, 'Fresia viva'),
(102137, 'Ajedrezada viva'),
(102138, 'Hiniesta viva'),
(102139, 'Margarita viva'),
(102140, 'Jengibre vivo'),
(102141, 'Gladiolo vivo'),
(102142, 'Godetia viva'),
(102143, 'Bromelia viva'),
(102144, 'Gypsophilia viva '),
(102145, 'Brezo vivo'),
(102146, 'Heliconia viva'),
(102147, 'Jacinto vivo'),
(102148, 'Hydrangea viva'),
(102149, 'Iris Viva'),
(102150, 'Pata de canguro viva '),
(102151, 'Delfinio vivo'),
(102152, 'Lepto vivo'),
(102153, 'Lila viva'),
(102154, 'Azucena viva '),
(102155, 'Lavanda viva'),
(102156, 'Lisianthus vivo '),
(102157, 'Muscari viva '),
(102158, 'Narciso vivo'),
(102160, 'Pimientos ornamentales vivos'),
(102161, 'Estrella de Bel?n viva'),
(102162, 'Peonia viva'),
(102163, 'Banksia viva'),
(102164, 'Ran?culo vivo'),
(102165, 'Escabiosa viva'),
(102166, 'Retama de escobas viva '),
(102167, 'Boca de drag?n viva '),
(102168, 'Romero del pantano viva '),
(102169, 'Matiola viva'),
(102170, 'Girasol viva'),
(102171, 'Guisante de olor vivo'),
(102172, 'Cardo vivo'),
(102173, 'Tulip?n vivo'),
(102174, 'Flor de cera viva'),
(102175, 'Hierba de aquiles viva '),
(102176, 'Zinnia viva '),
(102177, 'Forsythia viva '),
(102178, 'Geranio vivo'),
(102179, 'Amaryllis viva ');

-- --------------------------------------------------------

--
-- Estructura de tabla para la tabla `cronograma`
--

CREATE TABLE `cronograma` (
  `id` int(11) NOT NULL,
  `id_oferta` int(11) NOT NULL,
  `fecha_inicio` datetime DEFAULT NULL,
  `fecha_cierre` datetime DEFAULT NULL,
  `created_at` datetime DEFAULT NULL
) ENGINE=InnoDB DEFAULT CHARSET=utf8 COLLATE=utf8_unicode_ci;

-- --------------------------------------------------------

--
-- Estructura de tabla para la tabla `documentacion_ofertas`
--

CREATE TABLE `documentacion_ofertas` (
  `id` int(11) NOT NULL,
  `id_ofertas` int(11) NOT NULL,
  `titulo` varchar(191) COLLATE utf8_unicode_ci DEFAULT NULL,
  `descripcion` text COLLATE utf8_unicode_ci,
  `url_doc` text COLLATE utf8_unicode_ci,
  `created_at` datetime DEFAULT NULL,
  `updated_at` datetime DEFAULT NULL
) ENGINE=InnoDB DEFAULT CHARSET=utf8 COLLATE=utf8_unicode_ci;

-- --------------------------------------------------------

--
-- Estructura de tabla para la tabla `estado_oferta`
--

CREATE TABLE `estado_oferta` (
  `id` int(11) NOT NULL,
  `nombre` varchar(10) COLLATE utf8_unicode_ci NOT NULL
) ENGINE=InnoDB DEFAULT CHARSET=utf8 COLLATE=utf8_unicode_ci;

--
-- Volcado de datos para la tabla `estado_oferta`
--

INSERT INTO `estado_oferta` (`id`, `nombre`) VALUES
(1, 'PENDIENTE'),
(2, 'PUBLICADO'),
(3, 'EVALUACION'),
(4, 'ACTIVO');

-- --------------------------------------------------------

--
-- Estructura de tabla para la tabla `moneda`
--

CREATE TABLE `moneda` (
  `id` int(11) NOT NULL,
  `nombre` varchar(20) COLLATE utf8_unicode_ci DEFAULT NULL,
  `siglas` varchar(10) COLLATE utf8_unicode_ci DEFAULT NULL
) ENGINE=InnoDB DEFAULT CHARSET=utf8 COLLATE=utf8_unicode_ci;

--
-- Volcado de datos para la tabla `moneda`
--

INSERT INTO `moneda` (`id`, `nombre`, `siglas`) VALUES
(1, 'DOLLAR', 'USD'),
(2, 'PESO COLOMBIANO', 'COP'),
(3, 'EURO', 'EUR');

-- --------------------------------------------------------

--
-- Estructura de tabla para la tabla `ofertas`
--

CREATE TABLE `ofertas` (
  `id` int(11) NOT NULL,
  `objeto` varchar(190) COLLATE utf8_unicode_ci NOT NULL,
  `descripcion` text COLLATE utf8_unicode_ci NOT NULL,
  `id_moneda` int(11) NOT NULL,
  `presupuesto` decimal(10,0) NOT NULL,
  `id_actividad` int(11) NOT NULL,
  `id_estado` int(11) NOT NULL,
  `created_at` timestamp NULL DEFAULT NULL ON UPDATE CURRENT_TIMESTAMP,
  `updated_at` timestamp NULL DEFAULT NULL
) ENGINE=InnoDB DEFAULT CHARSET=utf8 COLLATE=utf8_unicode_ci;

-- --------------------------------------------------------

--
-- Estructura de tabla para la tabla `producto`
--

CREATE TABLE `producto` (
  `id` int(11) NOT NULL,
  `nombre` varchar(191) COLLATE utf8_unicode_ci DEFAULT NULL,
  `id_categoria` int(11) NOT NULL
) ENGINE=InnoDB DEFAULT CHARSET=utf8 COLLATE=utf8_unicode_ci;

--
-- Volcado de datos para la tabla `producto`
--

INSERT INTO `producto` (`id`, `nombre`, `id_categoria`) VALUES
(10101501, 'Gatos', 101015),
(10101502, 'Perros', 101015),
(10101504, 'Vis?n', 101015),
(10101505, 'Ratas', 101015),
(10101506, 'Caballos', 101015),
(10101507, 'Ovejas', 101015),
(10101508, 'Cabras', 101015),
(10101509, 'Asnos', 101015),
(10101510, 'Ratones', 101015),
(10101511, 'Cerdos', 101015),
(10101512, 'Conejos', 101015),
(10101513, 'Cobayas o conejillos de indias', 101015),
(10101514, 'Primates', 101015),
(10101515, 'Armadillos', 101015),
(10101516, 'Ganado vacuno', 101015),
(10101517, 'Camellos', 101015),
(10101601, 'Pollos vivos', 101015),
(10101602, 'Patos vivos', 101015),
(10101603, 'Pavos vivos', 101015),
(10101604, 'Gansos vivos', 101015),
(10101605, 'Faisanes vivos', 101015),
(10101701, 'Salm?n vivos', 101015),
(10101702, 'Trucha viva', 101015),
(10101703, 'Tilapia viva', 101015),
(10101704, 'Carpa viva', 101015),
(10101705, 'Anguilas vivas', 101015),
(10101801, 'Camar?n vivo', 101015),
(10101802, 'Almejas vivas', 101015),
(10101803, 'Mejillones vivos', 101015),
(10101804, 'Ostras vivas', 101015),
(10101805, 'Cangrejos vivos', 101015),
(10101806, 'Abulones vivos', 101015),
(10101807, 'Pulpo vivo', 101015),
(10101808, 'Calamar vivo', 101015),
(10101809, 'Sanguijuelas ', 101018),
(10101901, 'Mariposas', 101019),
(10101902, 'Escarabajos', 101019),
(10101903, 'Abejas', 101019),
(10101904, 'Gusanos de seda', 101019),
(10102001, 'Elefantes', 101020),
(10102002, 'Zorros vivos', 101020),
(10111301, 'Juguetes para mascotas', 101113),
(10111302, 'Productos para el aseo y cuidado de mascotas ', 101113),
(10111303, 'Equipo para el manejo de desperdicios de las mascotas', 101113),
(10111304, 'Tazones o equipo para alimentaci?n de mascotas', 101113),
(10111305, 'Tratamientos medicados para mascotas', 101113),
(10111306, 'Kits para el entrenamiento de mascotas dom?sticas', 101113),
(10111307, 'Cobijas para mascotas', 101113),
(10121501, 'Salvado de trigo puro', 101215),
(10121502, 'Avena para forraje', 101215),
(10121503, 'Ma?z para forraje', 101215),
(10121504, 'Sorgo para forraje', 101215),
(10121505, 'Heno', 101215),
(10121506, 'Tortas oleaginosas', 101215),
(10121507, 'Forraje compuesto', 101215),
(10121601, 'Alimento vivo para aves', 101216),
(10121602, 'Alpiste', 101216),
(10121603, 'Pasa bocas o comida recreacional para aves', 101216),
(10121604, 'Alimento av?cola', 101216),
(10121701, 'Salmuera fresca o congelada', 101217),
(10121702, 'Alimento granulado para peces', 101217),
(10121703, 'Alimento en hojuelas para peces', 101217),
(10121801, 'Comida seca para perros', 101218),
(10121802, 'Comida h?meda para perros ', 101218),
(10121803, 'Leche para perros o gatos', 101218),
(10121804, 'Comida seca para gatos', 101218),
(10121805, 'Comida h?meda para gatos ', 101218),
(10121806, 'Pasa bocas o comida recreacional para gatos o perros', 101218),
(10121901, 'Comida granulada para roedores', 101219),
(10122001, 'Comida granulada para reptiles', 101220),
(10122002, 'Comida h?meda para reptiles ', 101220),
(10122003, 'Comida viva para reptiles', 101220),
(10122101, 'Comida para cerdos', 101221),
(10122102, 'Comida para visones', 101221),
(10122103, 'Comida para monos', 101221),
(10122104, 'Comida para conejos', 101221),
(10131506, 'Establos para ganado', 101315),
(10131507, 'Casas para mascotas domesticadas', 101315),
(10131508, 'Camas para mascotas', 101315),
(10131601, 'Jaulas o sus accesorios', 101316),
(10131602, 'Perreras', 101316),
(10131603, 'Equipaje para el transporte de animales', 101316),
(10131604, 'Correas para perros', 101316),
(10131701, 'Terrarios', 101317),
(10131702, 'Acuarios', 101317),
(10141501, 'Sillas de montar', 101415),
(10141502, 'Fustas y l?tigos', 101415),
(10141503, 'Herraduras para caballo', 101415),
(10141504, 'Herraduras para mula', 101415),
(10141505, 'Sill?n o pelero', 101415),
(10141601, 'Bridas', 101416),
(10141602, 'Yugos', 101416),
(10141603, 'Bocados para caballos', 101416),
(10141604, 'Riendas', 101416),
(10141605, 'Estribos', 101416),
(10141606, 'Correas o tra?llas', 101416),
(10141607, 'Arneses de cuello para animales', 101416),
(10141608, 'Arneses o sus accesorios', 101416),
(10141609, 'Sujetadores', 101416),
(10141610, 'Bozales', 101416),
(10141611, 'Soportes para correas', 101416),
(10151501, 'Semillas o pl?ntulas de fr?jol', 101515),
(10151502, 'Semillas o pl?ntulas de zanahoria', 101515),
(10151503, 'Semillas o pl?ntulas de apio', 101515),
(10151504, 'Semillas o pl?ntulas de chiles', 101515),
(10151505, 'Semillas o pl?ntulas de calabac?n', 101515),
(10151506, 'Semillas o pl?ntulas de alverja', 101515),
(10151507, 'Semillas o pl?ntulas de pepino cohombro', 101515),
(10151508, 'Semillas o pl?ntulas de berenjena', 101515),
(10151509, 'Semillas o pl?ntulas de endivias', 101515),
(10151510, 'Semillas o pl?ntulas de ajo', 101515),
(10151511, 'Semillas o pl?ntulas de puerro', 101515),
(10151512, 'Semillas o pl?ntulas de lechuga', 101515),
(10151513, 'Semillas o pl?ntulas de ma?z', 101515),
(10151514, 'Semillas o pl?ntulas de mel?n', 101515),
(10151515, 'Semillas o pl?ntulas cebolla', 101515),
(10151516, 'Semillas o pl?ntulas de soya', 101515),
(10151517, 'Semillas o pl?ntulas de espinaca', 101515),
(10151518, 'Semillas o pl?ntulas de tomate', 101515),
(10151519, 'Semillas o pl?ntulas de nabo', 101515),
(10151520, 'Semillas o pl?ntulas de acelga', 101515),
(10151521, 'Semillas o pl?ntulas de pimiento morr?n', 101515),
(10151522, 'Semillas o pl?ntulas de remolacha', 101515),
(10151523, 'Semillas o pl?ntulas de coliflor', 101515),
(10151524, 'Semillas o pl?ntulas de perejil', 101515),
(10151525, 'Semillas o pl?ntulas de br?coli', 101515),
(10151526, 'Semillas o pl?ntulas de repollo', 101515),
(10151527, 'Semillas o pl?ntulas de papa', 101515),
(10151528, 'Semillas o pl?ntulas de batata', 101515),
(10151529, 'Semillas o pl?ntulas de calabaza', 101515),
(10151530, 'Semillas o pl?ntulas de r?bano', 101515),
(10151531, 'Semillas o pl?ntulas de repollitos de bruselas', 101515),
(10151532, 'Semillas o pl?ntulas de ahuyama', 101515),
(10151533, 'Semillas o pl?ntulas de okra', 101515),
(10151534, 'Semillas o pl?ntulas de mel?n cantalupo', 101515),
(10151535, 'Semillas o pl?ntulas de man?', 101515),
(10151536, 'Semillas o pl?ntulas de caigua', 101515),
(10151537, 'Semillas o pl?ntulas de esp?rrago', 101515),
(10151538, 'Semillas o pl?ntulas de garbanzo', 101515),
(10151539, 'Semillas o pl?ntulas de haba', 101515),
(10151601, 'Semillas de trigo', 101516),
(10151602, 'Semillas de canola', 101516),
(10151603, 'Semillas de cebada', 101516),
(10151604, 'Semillas de mijo', 101516),
(10151605, 'Semillas de avena', 101516),
(10151606, 'Semillas de ajonjol?', 101516),
(10151607, 'Semillas de linaza', 101516),
(10151608, 'Semillas de aceite de ricino', 101516),
(10151609, 'Semillas de ma?z', 101516),
(10151610, 'Semillas de centeno', 101516),
(10151611, 'Semillas de sorgo', 101516),
(10151612, 'Semillas o pl?ntulas de kiwicha', 101516),
(10151613, 'Semillas o pl?ntulas de qu?noa', 101516),
(10151701, 'Semillas o pl?ntulas de arroz', 101517),
(10151702, 'Semillas o pl?ntulas de tr?bol', 101517),
(10151703, 'Semillas o pl?ntulas de alfalfa', 101517),
(10151704, 'Semillas o pl?ntulas de pasto', 101517),
(10151705, 'Semillas o pl?ntulas de veza (gachas / guija)', 101517),
(10151706, 'Semillas o pl?ntulas de guar', 101517),
(10151801, 'Semillas o pl?ntulas de pimienta', 101518),
(10151802, 'Semillas o pl?ntulas de vainilla', 101518),
(10151803, 'Semillas o pl?ntulas de canela', 101518),
(10151804, 'Semillas o pl?ntulas de clavo de olor', 101518),
(10151805, 'Semillas o pl?ntulas de cilantro', 101518),
(10151806, 'Semillas o pl?ntulas de jengibre', 101518),
(10151807, 'Semillas o pl?ntulas de azafr?n', 101518),
(10151808, 'Semillas o pl?ntulas de tomillo', 101518),
(10151809, 'Semillas o pl?ntulas de curry', 101518),
(10151810, 'Semillas o pl?ntulas de mostaza', 101518),
(10151811, 'Semillas o pl?ntulas de ginseng', 101518),
(10151812, 'Semillas o pl?ntulas de champi?ones', 101518),
(10151813, 'Semillas o pl?ntulas de sacha inchi', 101518),
(10151814, 'Semillas o pl?ntulas de achiote', 101518),
(10151815, 'Semillas o pl?ntulas de kudzu', 101518),
(10151816, 'Semillas o pl?ntulas de albahaca', 101518),
(10151817, 'Semillas o pl?ntulas de an?s', 101518),
(10151901, 'Semillas, bulbos, pl?ntulas o esquejes de tulip?n', 101519),
(10151902, 'Semillas, pl?ntulas o esquejes de rosa', 101519),
(10151903, 'Semillas, bulbos, pl?ntulas o esquejes de narciso', 101519),
(10151904, 'Semillas de girasol', 101519),
(10151905, 'Bulbos o tallos de jacinto', 101519),
(10151906, 'Bulbos de lirio', 101519),
(10151907, 'Semillas o pl?ntulas de veza', 101519),
(10152001, 'Semillas o esquejes de ?rboles frutales', 101520),
(10152002, 'Semillas o esquejes de con?feras', 101520),
(10152003, 'Semillas o esquejes de ?rboles de frutos secos', 101520),
(10152004, 'Pl?ntulas de latifoliados', 101520),
(10152005, 'Pl?ntulas de con?feras', 101520),
(10152006, 'Semillas o yemas de pino', 101520),
(10152007, 'Semillas o yemas de algarrobo', 101520),
(10152101, 'Extracci?n de los residuos de semilla de babool', 101521),
(10152102, 'Residuos de semilla de colza', 101521),
(10152103, 'Residuo de semillas de linaza', 101521),
(10152104, 'Torta de neem', 101521),
(10152201, 'Semillas o pl?ntulas de algod?n', 101522),
(10152202, 'Semillas o pl?ntulas de lino', 101522),
(10161501, 'Aceitunos', 101615),
(10161502, 'Cafetos', 101615),
(10161503, 'Cacaoteros', 101615),
(10161504, 'Manzanos', 101615),
(10161505, 'Peros', 101615),
(10161506, 'Naranjos', 101615),
(10161507, 'Rododendros', 101615),
(10161508, 'Plantas de te', 101615),
(10161509, 'Con?feras', 101615),
(10161510, 'Abetos rojos (p?ceas)', 101615),
(10161511, 'Pinos', 101615),
(10161512, 'Abetos', 101615),
(10161513, 'Palmeras', 101615),
(10161514, 'Casuarina', 101615),
(10161515, 'Cipr?s', 101615),
(10161516, 'Eucalipto', 101615),
(10161517, '?rbol de quinua', 101615),
(10161518, 'Magnolio', 101615),
(10161519, 'Mioporo', 101615),
(10161520, 'Acalifa', 101615),
(10161521, 'Tecomaria capensis o madreselva del cabo', 101615),
(10161522, 'Arbusto croton bolaina', 101615),
(10161523, 'Abutill?n', 101615),
(10161524, 'Ficus', 101615),
(10161525, 'L?cumo', 101615),
(10161526, 'Aguacatal', 101615),
(10161527, 'Guan?bano', 101615),
(10161528, 'Carambolo', 101615),
(10161529, 'Ciruelo', 101615),
(10161530, '?rbol de quince', 101615),
(10161602, 'Poinsettias', 101616),
(10161604, 'Azaleas', 101616),
(10161605, 'Cactos', 101616),
(10161606, 'Ageratum p?rpura', 101616),
(10161801, 'Helechos', 101618),
(10161802, 'Hiedras', 101618),
(10161803, 'Filodendros', 101618),
(10161804, 'L?quenes', 101618),
(10161805, 'Vides', 101618),
(10161901, 'Vainas secas', 101619),
(10161902, 'Follaje seco', 101619),
(10161903, 'Helechos secos', 101619),
(10161905, 'Ramas y tallos secos', 101619),
(10161906, 'Penachos de gram?neas secos', 101619),
(10161907, 'Flores secas prensadas', 101619),
(10161908, 'P?talos secos', 101619),
(10171501, 'Esti?rcol o guano', 101715),
(10171502, 'Hormonas para plantas', 101715),
(10171503, 'Harina de pescado', 101715),
(10171504, 'Abono', 101715),
(10171505, 'Nutriente foliar', 101715),
(10171506, 'Humus', 101715),
(10171601, 'Fertilizante nitrogenado', 101716),
(10171602, 'Fertilizante de potasio', 101716),
(10171603, 'Fertilizante de f?sforo', 101716),
(10171604, 'Fertilizante de sulfuro', 101716),
(10171605, 'Mezclas de nitr?geno ? f?sforo ? potasio ? npk', 101716),
(10171606, 'Fertilizarte de s?lice puro', 101716),
(10171607, 'Fertilizante con magnesio', 101716),
(10171608, 'Fertilizante micro elemento', 101716),
(10171609, 'Fertilizante fosfato de s?lice', 101716),
(10171610, 'Fertilizante potasio de s?lice', 101716),
(10171611, 'Fertilizante de calcio', 101716),
(10171701, 'Matamalezas', 101717),
(10171702, 'Fungicidas', 101717),
(10171801, 'Acondicionador org?nico de suelos', 101718),
(10171802, 'Acondicionador inorg?nico de suelos', 101718),
(10191506, 'Mata ? roedores ', 101915),
(10191507, 'Repelentes de aves', 101915),
(10191508, 'Protectores contra termitas', 101915),
(10191509, 'Insecticidas', 101915),
(10191510, 'Abamectina', 101915),
(10191511, 'Fipronil', 101915),
(10191701, 'Trampas para control animal', 101917),
(10191703, 'Trampas para el control de insectos voladores', 101917),
(10191704, 'Matamoscas', 101917),
(10191705, 'Lazos', 101917),
(10191706, 'Cepos', 101917),
(10191707, 'Repelente ultras?nico de pestes', 101917),
(10201501, 'Rosal vivo allure o sterling 95', 102015),
(10201502, 'Rosal vivo amnesia', 102015),
(10201503, 'Rosal vivo augusta louise', 102015),
(10201504, 'Rosal vivo avant garde', 102015),
(10201505, 'Rosal vivo blue bird', 102015),
(10201506, 'Rosal vivo curiosa', 102015),
(10201507, 'Rosal vivo cool water', 102015),
(10201508, 'Rosal vivo delilah', 102015),
(10201509, 'Rosal vivo double party', 102015),
(10201510, 'Rosal vivo faith', 102015),
(10201511, 'Rosal vivo mami blue o mammy blue', 102015),
(10201512, 'Rosal vivo mar?timo', 102015),
(10201513, 'Rosal vivo milano', 102015),
(10201514, 'Rosal vivo mistery', 102015),
(10201515, 'Rosal vivo ocean song o boyfriend', 102015),
(10201516, 'Rosal vivo cezanne p?rpura', 102015),
(10201517, 'Rosal vivo purple fragrance', 102015),
(10201518, 'Rosal vivo sanaa', 102015),
(10201519, 'Rosal vivo silverstone', 102015),
(10201520, 'Rosal vivo soulmate', 102015),
(10201521, 'Rosal vivo stranger', 102015),
(10201522, 'Rosal vivo tinted blue', 102015),
(10201523, 'Rosal vivo two faces', 102015),
(10201601, 'Rosal vivo black lava', 102016),
(10201602, 'Rosal vivo cimarron', 102016),
(10201603, 'Rosal vivo coffee break', 102016),
(10201604, 'Rosal vivo estelle', 102016),
(10201605, 'Rosal vivo gypsy leonidas', 102016),
(10201606, 'Rosal vivo leonidas', 102016),
(10201607, 'Rosal vivo matilda', 102016),
(10201608, 'Rosal vivo sunny leonidas', 102016),
(10201609, 'Rosal vivo terra nostra', 102016),
(10201610, 'Rosal vivo terracotta', 102016),
(10201701, 'Rosal vivo advenire', 102017),
(10201702, 'Rosal vivo alex', 102017),
(10201703, 'Rosal vivo antique brass', 102017),
(10201704, 'Rosal vivo aubade', 102017),
(10201705, 'Rosal vivo beach', 102017),
(10201706, 'Rosal vivo belle pearl', 102017),
(10201707, 'Rosal vivo blush de los andes', 102017),
(10201708, 'Rosal vivo camel', 102017),
(10201709, 'Rosal vivo caramel antike o caramel antique', 102017),
(10201710, 'Rosal vivo champagne', 102017),
(10201711, 'Rosal vivo clear ocean', 102017),
(10201712, 'Rosal vivo combo', 102017),
(10201713, 'Rosal vivo creme de la creme', 102017),
(10201714, 'Rosal vivo emanuella', 102017),
(10201715, 'Rosal vivo evolution', 102017),
(10201716, 'Rosal vivo fedora', 102017),
(10201717, 'Rosal vivo fenice', 102017),
(10201718, 'Rosal vivo french vanilla', 102017),
(10201719, 'Rosal vivo hollywood', 102017),
(10201720, 'Rosal vivo ilios', 102017),
(10201721, 'Rosal vivo jelena', 102017),
(10201722, 'Rosal vivo kameleon', 102017),
(10201723, 'Rosal vivo kentucky', 102017),
(10201724, 'Rosal vivo kings pride', 102017),
(10201725, 'Rosal vivo latin fusion', 102017),
(10201726, 'Rosal vivo lemon dream', 102017),
(10201727, 'Rosal vivo magic moka', 102017),
(10201728, 'Rosal vivo mamamia', 102017),
(10201729, 'Rosal vivo message', 102017),
(10201730, 'Rosal vivo muneca o munieca', 102017),
(10201731, 'Rosal vivo parfum de rosas', 102017),
(10201732, 'Rosal vivo porcelina', 102017),
(10201733, 'Rosal vivo privilege', 102017),
(10201734, 'Rosal vivo quicksand', 102017),
(10201735, 'Rosal vivo rollercoaster', 102017),
(10201736, 'Rosal vivo romantic curiosa', 102017),
(10201737, 'Rosal vivo safari', 102017),
(10201738, 'Rosal vivo sahara', 102017),
(10201739, 'Rosal vivo sandy femma', 102017),
(10201740, 'Rosal vivo talea', 102017),
(10201741, 'Rosal vivo timeless', 102017),
(10201742, 'Rosal vivo transition', 102017),
(10201743, 'Rosal vivo trump', 102017),
(10201744, 'Rosal vivo twin', 102017),
(10201745, 'Rosal vivo vendela', 102017),
(10201746, 'Rosal vivo virginia', 102017),
(10201801, 'Rosal vivo amandine', 102018),
(10201802, 'Rosal vivo caipirinha', 102018),
(10201803, 'Rosal vivo green fashion', 102018),
(10201804, 'Rosal vivo green tea', 102018),
(10201805, 'Rosal vivo jade', 102018),
(10201806, 'Rosal vivo limbo', 102018),
(10201807, 'Rosal vivo limena o limenia', 102018),
(10201808, 'Rosal vivo limona', 102018),
(10201809, 'Rosal vivo old dutch', 102018),
(10201810, 'Rosal vivo super green', 102018),
(10201811, 'Rosal vivo sweet green', 102018),
(10201812, 'Rosal vivo viva', 102018),
(10201813, 'Rosal vivo zazu', 102018),
(10201901, 'Rosal vivo anna', 102019),
(10201902, 'Rosal vivo bella vita', 102019),
(10201903, 'Rosal vivo bridal dream', 102019),
(10201904, 'Rosal vivo candy bianca', 102019),
(10201905, 'Rosal vivo caress', 102019),
(10201906, 'Rosal vivo carolina ', 102019),
(10201907, 'Rosal vivo climax ', 102019),
(10201908, 'Rosal vivo danny ', 102019),
(10201909, 'Rosal vivo dolce vita ', 102019),
(10201910, 'Rosal vivo elite', 102019),
(10201911, 'Rosal vivo emma', 102019),
(10201912, 'Rosal vivo engagement', 102019),
(10201913, 'Rosal vivo esther', 102019),
(10201914, 'Rosal vivo excalibur', 102019),
(10201915, 'Rosal vivo exciting', 102019),
(10201916, 'Rosal vivo first lady', 102019),
(10201917, 'Rosal vivo geraldine', 102019),
(10201918, 'Rosal vivo gotcha', 102019),
(10201919, 'Rosal vivo harmonie', 102019),
(10201920, 'Rosal vivo heaven', 102019),
(10201921, 'Rosal vivo high and elegant', 102019),
(10201922, 'Rosal vivo katherine', 102019),
(10201923, 'Rosal vivo king kong', 102019),
(10201924, 'Rosal vivo livia', 102019),
(10201925, 'Rosal vivo lorena', 102019),
(10201926, 'Rosal vivo lovely', 102019),
(10201927, 'Rosal vivo maaike', 102019),
(10201928, 'Rosal vivo marilyn', 102019),
(10201929, 'Rosal vivo marlise', 102019),
(10201930, 'Rosal vivo miranda o ausimmon', 102019),
(10201931, 'Rosal vivo mona lisa', 102019),
(10201932, 'Rosal vivo nirvana', 102019),
(10201933, 'Rosal vivo o hara', 102019),
(10201934, 'Rosal vivo ole', 102019),
(10201935, 'Rosal vivo olga', 102019),
(10201936, 'Rosal vivo pac?fica', 102019),
(10201937, 'Rosal vivo party mix', 102019),
(10201938, 'Rosal vivo peckoubo o pekcoubo', 102019),
(10201939, 'Rosal vivo phoebe o ausnotice', 102019),
(10201940, 'Rosal vivo pink farfalla', 102019),
(10201941, 'Rosal vivo pink finess', 102019),
(10201942, 'Rosal vivo pink magic', 102019),
(10201943, 'Rosal vivo pink osiana', 102019),
(10201944, 'Rosal vivo pretty woman', 102019),
(10201945, 'Rosal vivo romance', 102019),
(10201946, 'Rosal vivo romantic antike o antique', 102019),
(10201947, 'Rosal vivo rosalind o astew', 102019),
(10201948, 'Rosal vivo rosita vendela', 102019),
(10201949, 'Rosal vivo secret garden', 102019),
(10201950, 'Rosal vivo solaire', 102019),
(10201951, 'Rosal vivo sophie', 102019),
(10201952, 'Rosal vivo sweet akito', 102019),
(10201953, 'Rosal vivo sweet avalanche', 102019),
(10201954, 'Rosal vivo sweet elegance', 102019),
(10201955, 'Rosal vivo sweet pink', 102019),
(10201956, 'Rosal vivo titanic', 102019),
(10201957, 'Rosal vivo toscanini', 102019),
(10201958, 'Rosal vivo vania', 102019),
(10201959, 'Rosal vivo vanity', 102019),
(10201960, 'Rosal vivo vision', 102019),
(10201961, 'Rosal vivo vivaldi', 102019),
(10201962, 'Rosal vivo whisper', 102019),
(10202001, 'Rosal vivo attracta', 102020),
(10202002, 'Rosal vivo boheme', 102020),
(10202003, 'Rosal vivo carousel', 102020),
(10202004, 'Rosal vivo cezanne', 102020),
(10202005, 'Rosal vivo crazy one', 102020),
(10202006, 'Rosal vivo dance valley', 102020),
(10202007, 'Rosal vivo duett', 102020),
(10202008, 'Rosal vivo esperance', 102020),
(10202009, 'Rosal vivo fiesta', 102020),
(10202010, 'Rosal vivo halloween', 102020),
(10202011, 'Rosal vivo highlander', 102020),
(10202012, 'Rosal vivo hot ambiance', 102020),
(10202013, 'Rosal vivo la belle', 102020),
(10202014, 'Rosal vivo laguna', 102020),
(10202015, 'Rosal vivo latin ambiance', 102020),
(10202016, 'Rosal vivo latin breeze', 102020),
(10202017, 'Rosal vivo long arifa', 102020),
(10202018, 'Rosal vivo murano', 102020),
(10202019, 'Rosal vivo n-joy rose', 102020),
(10202020, 'Rosal vivo panama', 102020),
(10202021, 'Rosal vivo peppermint', 102020),
(10202022, 'Rosal vivo pijama party', 102020),
(10202023, 'Rosal vivo portofino', 102020),
(10202024, 'Rosal vivo priceless', 102020),
(10202025, 'Rosal vivo queen amazon', 102020),
(10202026, 'Rosal vivo ranuncula', 102020),
(10202027, 'Rosal vivo rossini', 102020),
(10202028, 'Rosal vivo sabina o sabrina', 102020),
(10202029, 'Rosal vivo scandal', 102020),
(10202030, 'Rosal vivo silvery pink', 102020),
(10202031, 'Rosal vivo something else', 102020),
(10202032, 'Rosal vivo soutine', 102020),
(10202033, 'Rosal vivo sovereign', 102020),
(10202034, 'Rosal vivo super disco', 102020),
(10202035, 'Rosal vivo ts 1968', 102020),
(10202036, 'Rosal vivo variance', 102020),
(10202037, 'Rosal vivo verdi', 102020),
(10202101, 'Rosal vivo alhambra', 102021),
(10202102, 'Rosal vivo aloha', 102021),
(10202103, 'Rosal vivo amber', 102021),
(10202104, 'Rosal vivo apache', 102021),
(10202105, 'Rosal vivo arabia', 102021),
(10202106, 'Rosal vivo bengala', 102021),
(10202107, 'Rosal vivo bibi', 102021),
(10202108, 'Rosal vivo caramba', 102021),
(10202109, 'Rosal vivo caramella', 102021),
(10202110, 'Rosal vivo carla', 102021),
(10202111, 'Rosal vivo cartagena', 102021),
(10202112, 'Rosal vivo chanson', 102021),
(10202113, 'Rosal vivo charmer', 102021),
(10202114, 'Rosal vivo cherry brandy', 102021),
(10202115, 'Rosal vivo chilis', 102021),
(10202116, 'Rosal vivo cinnamon', 102021),
(10202117, 'Rosal vivo colandro', 102021),
(10202118, 'Rosal vivo coral sea', 102021),
(10202119, 'Rosal vivo corvette o red corvette', 102021),
(10202120, 'Rosal vivo dark milva', 102021),
(10202121, 'Rosal vivo donna', 102021),
(10202122, 'Rosal vivo dreamer', 102021),
(10202123, 'Rosal vivo el dorado', 102021),
(10202124, 'Rosal vivo el toro', 102021),
(10202125, 'Rosal vivo elena', 102021),
(10202126, 'Rosal vivo ensue?o', 102021),
(10202127, 'Rosal vivo euforia', 102021),
(10202128, 'Rosal vivo ex?tica', 102021),
(10202129, 'Rosal vivo fancy amazon', 102021),
(10202130, 'Rosal vivo fiction', 102021),
(10202131, 'Rosal vivo finess', 102021),
(10202132, 'Rosal vivo flameco', 102021),
(10202133, 'Rosal vivo free spirit', 102021),
(10202134, 'Rosal vivo gelato', 102021),
(10202135, 'Rosal vivo gypsy curiosa', 102021),
(10202136, 'Rosal vivo high and magic', 102021),
(10202137, 'Rosal vivo high and orange magic', 102021),
(10202138, 'Rosal vivo iguana o alegra', 102021),
(10202139, 'Rosal vivo impulse', 102021),
(10202140, 'Rosal vivo indian femma', 102021),
(10202141, 'Rosal vivo indian sunset', 102021),
(10202142, 'Rosal vivo karusso', 102021),
(10202143, 'Rosal vivo kerio', 102021),
(10202144, 'Rosal vivo kiki', 102021),
(10202145, 'Rosal vivo latin circus', 102021),
(10202146, 'Rosal vivo leonisa', 102021),
(10202147, 'Rosal vivo lipstick', 102021),
(10202148, 'Rosal vivo lobita', 102021),
(10202149, 'Rosal vivo luca', 102021),
(10202150, 'Rosal vivo manitou', 102021),
(10202151, 'Rosal vivo mariana', 102021),
(10202152, 'Rosal vivo marjan o pk sensation', 102021),
(10202153, 'Rosal vivo milonga', 102021),
(10202154, 'Rosal vivo milva', 102021),
(10202155, 'Rosal vivo miracle', 102021),
(10202156, 'Rosal vivo mirage', 102021),
(10202157, 'Rosal vivo monte carlo', 102021),
(10202158, 'Rosal vivo movie star', 102021),
(10202159, 'Rosal vivo nikita', 102021),
(10202160, 'Rosal vivo orange flame', 102021),
(10202161, 'Rosal vivo orange france', 102021),
(10202162, 'Rosal vivo orange intuition', 102021),
(10202163, 'Rosal vivo orange unique', 102021),
(10202164, 'Rosal vivo orangine u orangina', 102021),
(10202165, 'Rosal vivo papaya', 102021),
(10202166, 'Rosal vivo pareo', 102021),
(10202167, 'Rosal vivo peach sherbet', 102021),
(10202168, 'Rosal vivo queensday', 102021),
(10202169, 'Rosal vivo rosselle', 102021),
(10202170, 'Rosal vivo royal circus', 102021),
(10202171, 'Rosal vivo sari', 102021),
(10202172, 'Rosal vivo sensual', 102021),
(10202173, 'Rosal vivo soap', 102021),
(10202174, 'Rosal vivo sombrero', 102021),
(10202175, 'Rosal vivo spicy', 102021),
(10202176, 'Rosal vivo star 2000', 102021),
(10202177, 'Rosal vivo summer versilia ', 102021),
(10202178, 'Rosal vivo trixx', 102021),
(10202179, 'Rosal vivo tropical amazon', 102021),
(10202180, 'Rosal vivo utopia', 102021),
(10202181, 'Rosal vivo valentine', 102021),
(10202182, 'Rosal vivo verano', 102021),
(10202183, 'Rosal vivo versilia', 102021),
(10202184, 'Rosal vivo voodoo', 102021),
(10202185, 'Rosal vivo wow', 102021),
(10202186, 'Rosal vivo yabadabadoo', 102021),
(10202201, 'Rosal vivo alejandra', 102022),
(10202202, 'Rosal vivo azafran', 102022),
(10202203, 'Rosal vivo big fun', 102022),
(10202204, 'Rosal vivo cabaret', 102022),
(10202205, 'Rosal vivo capuccino', 102022),
(10202206, 'Rosal vivo carpe diem', 102022),
(10202207, 'Rosal vivo cosima', 102022),
(10202208, 'Rosal vivo cumbia', 102022),
(10202209, 'Rosal vivo dream', 102022),
(10202210, 'Rosal vivo epoca', 102022),
(10202211, 'Rosal vivo fado', 102022),
(10202212, 'Rosal vivo femma', 102022),
(10202213, 'Rosal vivo guajira', 102022),
(10202214, 'Rosal vivo high and arena', 102022),
(10202215, 'Rosal vivo high and dandy', 102022),
(10202216, 'Rosal vivo high and lucky', 102022),
(10202217, 'Rosal vivo high and peach', 102022),
(10202218, 'Rosal vivo imagination', 102022),
(10202219, 'Rosal vivo isis', 102022),
(10202220, 'Rosal vivo joy o light versilia', 102022),
(10202221, 'Rosal vivo juliet ausjameson', 102022),
(10202222, 'Rosal vivo la parisienne ', 102022),
(10202223, 'Rosal vivo la perla', 102022),
(10202224, 'Rosal vivo lovita sunblaze', 102022),
(10202225, 'Rosal vivo malilena o marilena', 102022),
(10202226, 'Rosal vivo monyna', 102022),
(10202227, 'Rosal vivo nectarine', 102022),
(10202228, 'Rosal vivo oriental curiosa', 102022),
(10202229, 'Rosal vivo osiana', 102022),
(10202230, 'Rosal vivo peach avalanche', 102022),
(10202231, 'Rosal vivo peach deja vu', 102022),
(10202232, 'Rosal vivo picanto', 102022),
(10202233, 'Rosal vivo prima donna', 102022),
(10202234, 'Rosal vivo sheril', 102022),
(10202235, 'Rosal vivo sirocco', 102022),
(10202236, 'Rosal vivo tamara', 102022),
(10202237, 'Rosal vivo taxo', 102022),
(10202238, 'Rosal vivo trust', 102022),
(10202239, 'Rosal vivo valencia', 102022),
(10202240, 'Rosal vivo vinci', 102022),
(10202241, 'Rosal vivo wanda', 102022),
(10202301, 'Rosal vivo aerobic', 102023),
(10202302, 'Rosal vivo after party', 102023),
(10202303, 'Rosal vivo amsterdam', 102023),
(10202304, 'Rosal vivo aqua rose', 102023),
(10202305, 'Rosal vivo attache', 102023),
(10202306, 'Rosal vivo attitude', 102023),
(10202307, 'Rosal vivo ballet', 102023),
(10202308, 'Rosal vivo belami', 102023),
(10202309, 'Rosal vivo bella voo o belle vue', 102023),
(10202310, 'Rosal vivo bling bling', 102023),
(10202311, 'Rosal vivo blushing akito', 102023),
(10202312, 'Rosal vivo brooke', 102023),
(10202313, 'Rosal vivo bugatti', 102023),
(10202314, 'Rosal vivo cadillac', 102023),
(10202315, 'Rosal vivo carnaval', 102023),
(10202316, 'Rosal vivo cereza', 102023),
(10202317, 'Rosal vivo charming unique', 102023),
(10202318, 'Rosal vivo cherry o', 102023),
(10202319, 'Rosal vivo ciciolina', 102023),
(10202320, 'Rosal vivo classic cezanne', 102023),
(10202321, 'Rosal vivo clasic duett', 102023),
(10202322, 'Rosal vivo cosmiq', 102023),
(10202323, 'Rosal vivo dark engagement', 102023),
(10202324, 'Rosal vivo daytona', 102023),
(10202325, 'Rosal vivo dekora', 102023),
(10202326, 'Rosal vivo dolores', 102023),
(10202327, 'Rosal vivo eliza', 102023),
(10202328, 'Rosal vivo flash baccara', 102023),
(10202329, 'Rosal vivo full house', 102023),
(10202330, 'Rosal vivo funky', 102023),
(10202331, 'Rosal vivo giliane', 102023),
(10202332, 'Rosal vivo gran europe', 102023),
(10202333, 'Rosal vivo habari', 102023),
(10202334, 'Rosal vivo hanseat', 102023),
(10202335, 'Rosal vivo high and amazing', 102023),
(10202336, 'Rosal vivo high and bonita', 102023),
(10202337, 'Rosal vivo high and booming', 102023),
(10202338, 'Rosal vivo high and fantasy', 102023),
(10202339, 'Rosal vivo high and rich', 102023),
(10202340, 'Rosal vivo hot lady', 102023),
(10202341, 'Rosal vivo hot princess', 102023),
(10202342, 'Rosal vivo inspiration', 102023),
(10202343, 'Rosal vivo jeimy', 102023),
(10202344, 'Rosal vivo kachita', 102023),
(10202345, 'Rosal vivo karen', 102023),
(10202346, 'Rosal vivo kenji', 102023),
(10202347, 'Rosal vivo kiko', 102023),
(10202348, 'Rosal vivo laser', 102023),
(10202349, 'Rosal vivo latin duett', 102023),
(10202350, 'Rosal vivo latin fever', 102023),
(10202351, 'Rosal vivo lifestyle', 102023),
(10202352, 'Rosal vivo light orlando', 102023),
(10202353, 'Rosal vivo lovely dreams', 102023),
(10202354, 'Rosal vivo loyalty', 102023),
(10202355, 'Rosal vivo malibu', 102023),
(10202356, 'Rosal vivo mata-hari', 102023),
(10202357, 'Rosal vivo memphis', 102023),
(10202358, 'Rosal vivo mi amor', 102023),
(10202359, 'Rosal vivo miami', 102023),
(10202360, 'Rosal vivo michelle', 102023),
(10202361, 'Rosal vivo mikaela', 102023),
(10202362, 'Rosal vivo orchestra', 102023),
(10202363, 'Rosal vivo orlando', 102023),
(10202364, 'Rosal vivo osadia', 102023),
(10202365, 'Rosal vivo paeonia freelander', 102023),
(10202366, 'Rosal vivo paula', 102023),
(10202367, 'Rosal vivo pavarotti', 102023),
(10202368, 'Rosal vivo pink intuition', 102023),
(10202369, 'Rosal vivo poison', 102023),
(10202370, 'Rosal vivo princess', 102023),
(10202371, 'Rosal vivo queen mary', 102023),
(10202372, 'Rosal vivo raphaela', 102023),
(10202373, 'Rosal vivo raspberry ice', 102023),
(10202374, 'Rosal vivo ravel', 102023),
(10202375, 'Rosal vivo riviera', 102023),
(10202376, 'Rosal vivo sade', 102023),
(10202377, 'Rosal vivo sashimi', 102023),
(10202378, 'Rosal vivo shanya', 102023),
(10202379, 'Rosal vivo shocking versilia', 102023),
(10202380, 'Rosal vivo solitaire', 102023),
(10202381, 'Rosal vivo something different', 102023),
(10202382, 'Rosal vivo splendid renate', 102023),
(10202383, 'Rosal vivo star', 102023),
(10202384, 'Rosal vivo sweet candia', 102023),
(10202385, 'Rosal vivo sweet moments', 102023),
(10202386, 'Rosal vivo sweet unique', 102023),
(10202387, 'Rosal vivo taboo', 102023),
(10202388, 'Rosal vivo timona', 102023),
(10202389, 'Rosal vivo topaz', 102023),
(10202390, 'Rosal vivo vogue', 102023),
(10202391, 'Rosal vivo voila', 102023),
(10202392, 'Rosal vivo wild one', 102023),
(10202393, 'Rosal vivo yves piaget', 102023),
(10202401, 'Rosal vivo african dawn', 102024),
(10202402, 'Rosal vivo amada', 102024),
(10202403, 'Rosal vivo black baccara', 102024),
(10202404, 'Rosal vivo black beauty', 102024),
(10202405, 'Rosal vivo black finess o black magic', 102024),
(10202406, 'Rosal vivo black magic', 102024),
(10202407, 'Rosal vivo bohemian o pasarela', 102024),
(10202408, 'Rosal vivo breathless', 102024),
(10202409, 'Rosal vivo caballero', 102024),
(10202410, 'Rosal vivo carrera', 102024),
(10202411, 'Rosal vivo charlene', 102024),
(10202412, 'Rosal vivo charlotte', 102024),
(10202413, 'Rosal vivo cherry lady', 102024),
(10202414, 'Rosal vivo cherry love', 102024),
(10202415, 'Rosal vivo classy rose', 102024),
(10202416, 'Rosal vivo colorado velvet', 102024),
(10202417, 'Rosal vivo corazon', 102024),
(10202418, 'Rosal vivo corrida', 102024),
(10202419, 'Rosal vivo dynamite', 102024),
(10202420, 'Rosal vivo eurored', 102024),
(10202421, 'Rosal vivo fashion', 102024),
(10202422, 'Rosal vivo fire and ice', 102024),
(10202423, 'Rosal vivo first red', 102024),
(10202424, 'Rosal vivo forever young', 102024),
(10202425, 'Rosal vivo freedom', 102024),
(10202426, 'Rosal vivo freestyle', 102024),
(10202427, 'Rosal vivo friendship', 102024),
(10202428, 'Rosal vivo gospel', 102024),
(10202429, 'Rosal vivo graffity', 102024),
(10202430, 'Rosal vivo grand gala', 102024),
(10202431, 'Rosal vivo grand prix', 102024),
(10202432, 'Rosal vivo grand classe', 102024),
(10202433, 'Rosal vivo hearts', 102024),
(10202434, 'Rosal vivo heat', 102024),
(10202435, 'Rosal vivo hocus pocus', 102024),
(10202436, 'Rosal vivo lady in red', 102024),
(10202437, 'Rosal vivo latin lady', 102024),
(10202438, 'Rosal vivo legend', 102024),
(10202439, 'Rosal vivo lulu', 102024),
(10202440, 'Rosal vivo luna rossa', 102024),
(10202441, 'Rosal vivo luxor', 102024),
(10202442, 'Rosal vivo madame delbard o carola', 102024),
(10202443, 'Rosal vivo miss paris', 102024),
(10202444, 'Rosal vivo nicole', 102024),
(10202445, 'Rosal vivo night fever', 102024),
(10202446, 'Rosal vivo obsession', 102024),
(10202447, 'Rosal vivo opium', 102024),
(10202448, 'Rosal vivo paz', 102024),
(10202449, 'Rosal vivo preference', 102024),
(10202450, 'Rosal vivo red berlin', 102024),
(10202451, 'Rosal vivo red bull', 102024),
(10202452, 'Rosal vivo red calypso', 102024),
(10202453, 'Rosal vivo red diamond', 102024),
(10202454, 'Rosal vivo red fantasy ', 102024),
(10202455, 'Rosal vivo red france', 102024),
(10202456, 'Rosal vivo red intuition ', 102024),
(10202457, 'Rosal vivo red jewel', 102024),
(10202458, 'Rosal vivo red magic', 102024),
(10202459, 'Rosal vivo red one', 102024),
(10202460, 'Rosal vivo red paris', 102024),
(10202461, 'Rosal vivo red princess', 102024),
(10202462, 'Rosal vivo red sensation o colorad', 102024),
(10202463, 'Rosal vivo red unique', 102024),
(10202464, 'Rosal vivo rockefeller', 102024),
(10202465, 'Rosal vivo romeo', 102024),
(10202466, 'Rosal vivo rouge baiser', 102024),
(10202467, 'Rosal vivo roulette', 102024),
(10202468, 'Rosal vivo royal massai', 102024),
(10202469, 'Rosal vivo royal red', 102024),
(10202470, 'Rosal vivo samurai', 102024),
(10202471, 'Rosal vivo sexy red', 102024),
(10202472, 'Rosal vivo starfire', 102024),
(10202473, 'Rosal vivo tango', 102024),
(10202474, 'Rosal vivo tiger tail', 102024),
(10202475, 'Rosal vivo tinto', 102024),
(10202476, 'Rosal vivo top secret', 102024),
(10202477, 'Rosal vivo vital', 102024),
(10202478, 'Rosal vivo wisdom', 102024),
(10202479, 'Rosal vivo xantia', 102024),
(10202480, 'Rosal vivo xcite', 102024),
(10202501, 'Rosal vivo burgundy sweetheart', 102025),
(10202502, 'Rosal vivo cream sweetheart', 102025),
(10202503, 'Rosal vivo hot pink sweetheart', 102025),
(10202504, 'Rosal vivo lavender sweetheart', 102025),
(10202505, 'Rosal vivo light pink sweetheart', 102025),
(10202506, 'Rosal vivo orange sweetheart', 102025),
(10202507, 'Rosal vivo peach sweetheart', 102025),
(10202508, 'Rosal vivo red sweetheart', 102025),
(10202509, 'Rosal vivo white sweetheart', 102025),
(10202510, 'Rosal vivo yelllow sweetheart', 102025),
(10202601, 'Rosal vivo absolut', 102026),
(10202602, 'Rosal vivo aida', 102026),
(10202603, 'Rosal vivo akito', 102026),
(10202604, 'Rosal vivo amelia', 102026),
(10202605, 'Rosal vivo anastasia', 102026),
(10202606, 'Rosal vivo andean crystal', 102026),
(10202607, 'Rosal vivo angel', 102026),
(10202608, 'Rosal vivo annemarie', 102026),
(10202609, 'Rosal vivo avalanche', 102026),
(10202610, 'Rosal vivo bianca', 102026),
(10202611, 'Rosal vivo blizzard', 102026),
(10202612, 'Rosal vivo bridal akito', 102026),
(10202613, 'Rosal vivo domenica', 102026),
(10202614, 'Rosal vivo escimo', 102026),
(10202615, 'Rosal vivo farfalla', 102026),
(10202616, 'Rosal vivo high and peace', 102026),
(10202617, 'Rosal vivo high and pure', 102026),
(10202618, 'Rosal vivo inocencia o innocenti', 102026),
(10202619, 'Rosal vivo ivory', 102026),
(10202620, 'Rosal vivo mondial', 102026),
(10202621, 'Rosal vivo mount everest', 102026),
(10202622, 'Rosal vivo nova zembla', 102026),
(10202623, 'Rosal vivo patience o auspator', 102026),
(10202624, 'Rosal vivo polar star', 102026),
(10202625, 'Rosal vivo polo', 102026),
(10202626, 'Rosal vivo proud', 102026),
(10202627, 'Rosal vivo snowy jewel', 102026),
(10202628, 'Rosal vivo tibet', 102026),
(10202629, 'Rosal vivo tineke', 102026),
(10202630, 'Rosal vivo vitality', 102026),
(10202631, 'Rosal vivo white cadillac', 102026),
(10202632, 'Rosal vivo white dove', 102026),
(10202701, 'Rosal vivo aalsmeer gold', 102027),
(10202702, 'Rosal vivo alina', 102027),
(10202703, 'Rosal vivo ambiance', 102027),
(10202704, 'Rosal vivo aquarel', 102027),
(10202705, 'Rosal vivo autumn', 102027),
(10202706, 'Rosal vivo brasil', 102027),
(10202707, 'Rosal vivo candle light', 102027),
(10202708, 'Rosal vivo cantata o cantate', 102027),
(10202709, 'Rosal vivo capriccio', 102027),
(10202710, 'Rosal vivo caribbean', 102027),
(10202711, 'Rosal vivo circus', 102027),
(10202712, 'Rosal vivo citran', 102027),
(10202713, 'Rosal vivo concorde', 102027),
(10202714, 'Rosal vivo conga', 102027),
(10202715, 'Rosal vivo deja vu', 102027),
(10202716, 'Rosal vivo desire', 102027),
(10202717, 'Rosal vivo donia sol', 102027),
(10202718, 'Rosal vivo dueto', 102027),
(10202719, 'Rosal vivo erin', 102027),
(10202720, 'Rosal vivo exotic curiosa', 102027),
(10202721, 'Rosal vivo feria', 102027),
(10202722, 'Rosal vivo fire bird', 102027),
(10202723, 'Rosal vivo florida', 102027),
(10202724, 'Rosal vivo friendly', 102027),
(10202725, 'Rosal vivo gallinda', 102027),
(10202726, 'Rosal vivo geisha', 102027),
(10202727, 'Rosal vivo gelbe', 102027),
(10202728, 'Rosal vivo gelosia o yellow flame', 102027),
(10202729, 'Rosal vivo gold rush', 102027),
(10202730, 'Rosal vivo gold star', 102027),
(10202731, 'Rosal vivo gold strike', 102027),
(10202732, 'Rosal vivo golda', 102027),
(10202733, 'Rosal vivo golden fashion', 102027),
(10202734, 'Rosal vivo golden gate', 102027),
(10202735, 'Rosal vivo gran dorado', 102027),
(10202736, 'Rosal vivo helio', 102027),
(10202737, 'Rosal vivo high and exotic', 102027),
(10202738, 'Rosal vivo high and yellow flame', 102027),
(10202739, 'Rosal vivo high and yellow magic', 102027),
(10202740, 'Rosal vivo high society', 102027),
(10202741, 'Rosal vivo hummer', 102027),
(10202742, 'Rosal vivo idole o elle', 102027),
(10202743, 'Rosal vivo inti', 102027),
(10202744, 'Rosal vivo jet set', 102027),
(10202745, 'Rosal vivo judy', 102027),
(10202746, 'Rosal vivo jupiter', 102027),
(10202747, 'Rosal vivo konfetti', 102027),
(10202748, 'Rosal vivo kyara o kira', 102027),
(10202749, 'Rosal vivo latin beauty', 102027),
(10202750, 'Rosal vivo latin spirit', 102027),
(10202751, 'Rosal vivo latina', 102027),
(10202752, 'Rosal vivo lina', 102027),
(10202753, 'Rosal vivo lindsey', 102027),
(10202754, 'Rosal vivo male', 102027),
(10202755, 'Rosal vivo marie clare', 102027),
(10202756, 'Rosal vivo marisa', 102027),
(10202757, 'Rosal vivo matchball', 102027),
(10202758, 'Rosal vivo melon', 102027),
(10202759, 'Rosal vivo mohana', 102027),
(10202760, 'Rosal vivo okie dokie', 102027),
(10202761, 'Rosal vivo pailine', 102027),
(10202762, 'Rosal vivo parrot', 102027),
(10202763, 'Rosal vivo rio d oro', 102027),
(10202764, 'Rosal vivo salami', 102027),
(10202765, 'Rosal vivo santa fe', 102027),
(10202766, 'Rosal vivo skyline', 102027),
(10202767, 'Rosal vivo sonrisa', 102027),
(10202768, 'Rosal vivo star ambiance', 102027),
(10202769, 'Rosal vivo starbust', 102027),
(10202770, 'Rosal vivo sun king', 102027),
(10202771, 'Rosal vivo sunmaster', 102027),
(10202772, 'Rosal vivo sunny milva', 102027),
(10202773, 'Rosal vivo sushi', 102027),
(10202774, 'Rosal vivo tabasco', 102027),
(10202775, 'Rosal vivo tara', 102027),
(10202776, 'Rosal vivo tresor 2000', 102027),
(10202777, 'Rosal vivo ooty', 102027),
(10202778, 'Rosal vivo yellow coral', 102027),
(10202779, 'Rosal vivo yellow finess', 102027),
(10202780, 'Rosal vivo yellow submarine', 102027),
(10202781, 'Rosal vivo yellow sunset', 102027),
(10202782, 'Rosal vivo yelllow timeless', 102027),
(10202801, 'Rosal vivo alegria spray', 102028),
(10202802, 'Rosal vivo andrea follies spray', 102028),
(10202803, 'Rosal vivo antara follies spray', 102028),
(10202804, 'Rosal vivo arrow follies spray', 102028),
(10202805, 'Rosal vivo babe spray', 102028),
(10202806, 'Rosal vivo bellina collection spray', 102028),
(10202807, 'Rosal vivo blue moon spray', 102028),
(10202808, 'Rosal vivo chablis spray', 102028),
(10202809, 'Rosal vivo cherry follies spray', 102028),
(10202810, 'Rosal vivo chess spray', 102028),
(10202811, 'Rosal vivo classic lydia spray', 102028),
(10202812, 'Rosal vivo cream gracia spray', 102028),
(10202813, 'Rosal vivo cream lydia spray', 102028),
(10202814, 'Rosal vivo cream sensation spray', 102028),
(10202815, 'Rosal vivo cremita spray', 102028),
(10202816, 'Rosal vivo diablo spray', 102028),
(10202817, 'Rosal vivo electra spray', 102028),
(10202818, 'Rosal vivo fire king spray ', 102028),
(10202819, 'Rosal vivo fleur spray ', 102028),
(10202820, 'Rosal vivo girlie follies spray ', 102028),
(10202821, 'Rosal vivo giselle follies spray ', 102028),
(10202822, 'Rosal vivo golden collection spray ', 102028),
(10202823, 'Rosal vivo golden mimi spray ', 102028),
(10202824, 'Rosal vivo gracia spray ', 102028),
(10202825, 'Rosal vivo hot majolica spray ', 102028),
(10202826, 'Rosal vivo hot pink follies spray ', 102028),
(10202827, 'Rosal vivo ilse spray ', 102028),
(10202828, 'Rosal vivo jelena spray ', 102028),
(10202829, 'Rosal vivo laminuette spray ', 102028),
(10202830, 'Rosal vivo lavender follies spray ', 102028),
(10202831, 'Rosal vivo limoncello spray ', 102028),
(10202832, 'Rosal vivo little silver spray ', 102028),
(10202833, 'Rosal vivo lovely lydia spray ', 102028),
(10202834, 'Rosal vivo lucy spray ', 102028),
(10202835, 'Rosal vivo lydia spray ', 102028),
(10202836, 'Rosal vivo macarena spray ', 102028),
(10202837, 'Rosal vivo magic sensation spray ', 102028),
(10202838, 'Rosal vivo majolica spray ', 102028),
(10202839, 'Rosal vivo mambo number 5 spray ', 102028),
(10202840, 'Rosal vivo mambo spray ', 102028),
(10202841, 'Rosal vivo marlene spray ', 102028),
(10202842, 'Rosal vivo mimi eden spray ', 102028),
(10202843, 'Rosal vivo minou spray ', 102028),
(10202844, 'Rosal vivo nikita spray ', 102028),
(10202845, 'Rosal vivo novel collection spray ', 102028),
(10202846, 'Rosal vivo orange success spray ', 102028),
(10202847, 'Rosal vivo pepita spray ', 102028),
(10202848, 'Rosal vivo pink flash spray ', 102028),
(10202849, 'Rosal vivo pink sensation spray ', 102028),
(10202850, 'Rosal vivo porcelina spray ', 102028),
(10202851, 'Rosal vivo princess spray ', 102028),
(10202852, 'Rosal vivo purple mikado spray ', 102028),
(10202853, 'Rosal vivo red angel spray ', 102028),
(10202854, 'Rosal vivo red collection spray ', 102028),
(10202855, 'Rosal vivo red hero spray ', 102028),
(10202856, 'Rosal vivo red mikado spray ', 102028),
(10202857, 'Rosal vivo red vision spray ', 102028),
(10202858, 'Rosal vivo ritmo spray ', 102028),
(10202859, 'Rosal vivo romance mikado o eva spray ', 102028),
(10202860, 'Rosal vivo romantica follies spray ', 102028),
(10202861, 'Rosal vivo rubicon spray ', 102028),
(10202862, 'Rosal vivo rumba spray ', 102028),
(10202863, 'Rosal vivo salsa spray ', 102028),
(10202864, 'Rosal vivo sangrita spray ', 102028),
(10202865, 'Rosal vivo santa barbara spray ', 102028),
(10202866, 'Rosal vivo sashaba spray ', 102028),
(10202867, 'Rosal vivo scarlett spray ', 102028),
(10202868, 'Rosal vivo seline spray ', 102028),
(10202869, 'Rosal vivo sensation spray ', 102028),
(10202870, 'Rosal vivo silver collection spray ', 102028),
(10202871, 'Rosal vivo silver sensation spray ', 102028),
(10202872, 'Rosal vivo snowdance spray ', 102028),
(10202873, 'Rosal vivo snowflake spray ', 102028),
(10202874, 'Rosal vivo suncity spray ', 102028),
(10202875, 'Rosal vivo super nova spray ', 102028),
(10202876, 'Rosal vivo sweet sensation spray ', 102028),
(10202877, 'Rosal vivo taifun o typhoon spray ', 102028),
(10202878, 'Rosal vivo tamango spray ', 102028),
(10202879, 'Rosal vivo tanger follies spray ', 102028),
(10202880, 'Rosal vivo tiara spray ', 102028),
(10202881, 'Rosal vivo tiramis? spray ', 102028),
(10202882, 'Rosal vivo twinkle bride spray ', 102028),
(10202883, 'Rosal vivo viviane spray ', 102028),
(10202884, 'Rosal vivo white majolica spray ', 102028),
(10202885, 'Rosal vivo white mikado spray ', 102028),
(10202886, 'Rosal vivo xentina spray ', 102028),
(10202887, 'Rosal vivo yellow babe spray ', 102028),
(10202888, 'Rosal vivo yellow follies spray ', 102028),
(10211501, 'Anturio vivo chocolate ', 102115),
(10211502, 'Anturio vivo rojo oscuro ', 102115),
(10211503, 'Anturio vivo verde ', 102115),
(10211504, 'Anturio vivo rosado fuerte ', 102115),
(10211505, 'Anturio vivo mickey mouse ', 102115),
(10211506, 'Anturio vivo obake verde y blanco ', 102115),
(10211507, 'Anturio vivo obake rojo y verde ', 102115),
(10211508, 'Anturio vivo anaranjado ', 102115),
(10211509, 'Anturio vivo durazno ', 102115),
(10211510, 'Anturio vivo picasso o pecoso ', 102115),
(10211511, 'Anturio vivo rojo ', 102115),
(10211512, 'Anturio vivo salpicadura ', 102115),
(10211513, 'Anturio vivo fuego del tr?pico ', 102115),
(10211514, 'Anturio vivo tulip?n verde ', 102115),
(10211515, 'Anturio vivo tulip?n rosado', 102115),
(10211516, 'Anturio vivo tulip?n p?rpura', 102115),
(10211517, 'Anturio vivo tulip?n rojo', 102115),
(10211518, 'Anturio vivo blanco', 102115),
(10211519, 'Anturio vivo cosa salvaje ', 102115),
(10211601, 'Allium vivo embajador ', 102116),
(10211602, 'Allium vivo ampeloprasum', 102116),
(10211603, 'Allium vivo bullit o drumstick', 102116),
(10211604, 'Allium vivo christophii', 102116),
(10211605, 'Allium vivo cowanii spray white', 102116),
(10211606, 'Allium vivo gigante ', 102116),
(10211607, 'Allium vivo gladiador', 102116),
(10211608, 'Allium vivo globemaster', 102116),
(10211609, 'Allium vivo bola de golf blanca ', 102116),
(10211610, 'Allium vivo cabello ', 102116),
(10211611, 'Allium vivo rosado gigante ', 102116),
(10211612, 'Allium vivo sensaci?n p?rpura ', 102116),
(10211613, 'Allium vivo sicilum hanging', 102116),
(10211614, 'Allium vivo spider schubertii', 102116),
(10211615, 'Allium vivo spray moly', 102116),
(10211616, 'Allium vivo spray roseum', 102116),
(10211617, 'Allium vivo tuberosum', 102116),
(10211618, 'Allium vivo unifolium o spray allium', 102116),
(10211619, 'Allium vivo monte everest blanco ', 102116),
(10211701, 'Astromelia viva agropoli', 102117),
(10211702, 'Astromelia viva bourgogne', 102117),
(10211703, 'Astromelia viva cairo', 102117),
(10211704, 'Astromelia viva charmes', 102117),
(10211705, 'Astromelia viva cherry bay', 102117),
(10211706, 'Astromelia viva cherry white', 102117),
(10211707, 'Astromelia viva dame blanche', 102117),
(10211708, 'Astromelia viva diamond', 102117),
(10211709, 'Astromelia viva gran canaria', 102117),
(10211710, 'Astromelia viva harlekijn', 102117),
(10211711, 'Astromelia viva indian summer', 102117),
(10211712, 'Astromelia viva jamaica', 102117),
(10211713, 'Astromelia viva macondo', 102117),
(10211714, 'Astromelia viva mistique', 102117),
(10211715, 'Astromelia viva my fair', 102117),
(10211716, 'Astromelia viva new cairo', 102117),
(10211717, 'Astromelia viva nice', 102117),
(10211718, 'Astromelia viva orange bowl', 102117),
(10211719, 'Astromelia viva orange queens', 102117),
(10211720, 'Astromelia viva orange sun', 102117),
(10211721, 'Astromelia viva paris', 102117),
(10211722, 'Astromelia viva picasso', 102117),
(10211723, 'Astromelia viva pink panther', 102117),
(10211724, 'Astromelia viva prima donna', 102117),
(10211725, 'Astromelia viva red silhouette', 102117),
(10211726, 'Astromelia viva sacha', 102117),
(10211727, 'Astromelia viva salmon', 102117),
(10211728, 'Astromelia viva santiago', 102117),
(10211729, 'Astromelia viva senna', 102117),
(10211730, 'Astromelia viva snowball', 102117),
(10211731, 'Astromelia viva sublime ', 102117),
(10211732, 'Astromelia viva tropicana', 102117),
(10211733, 'Astromelia viva virginia', 102117),
(10211734, 'Astromelia viva white', 102117),
(10211801, 'Amaranto vivo verde colgante ', 102118),
(10211802, 'Amaranto vivo rojo colgante ', 102118),
(10211803, 'Amaranto vivo bonce erguido ', 102118),
(10211804, 'Amaranto vivo verde erguido ', 102118),
(10211805, 'Amaranto vivo rojo erguido ', 102118),
(10211901, 'Amaryllis vivo naranja', 102119),
(10211902, 'Amaryllis vivo orange nagano', 102119),
(10211903, 'Amaryllis vivo pygmee mini', 102119),
(10211904, 'Amaryllis vivo red lion', 102119),
(10211905, 'Amaryllis vivo rilona', 102119),
(10211906, 'Amaryllis vivo royal velvet', 102119),
(10211907, 'Amaryllis vivo sonatini orange', 102119),
(10211908, 'Amaryllis vivo sonatini red', 102119);

--
-- Índices para tablas volcadas
--

--
-- Indices de la tabla `categoria`
--
ALTER TABLE `categoria`
  ADD PRIMARY KEY (`id`);

--
-- Indices de la tabla `cronograma`
--
ALTER TABLE `cronograma`
  ADD PRIMARY KEY (`id`),
  ADD KEY `id_oferta` (`id_oferta`);

--
-- Indices de la tabla `documentacion_ofertas`
--
ALTER TABLE `documentacion_ofertas`
  ADD PRIMARY KEY (`id`),
  ADD KEY `id_ofertas` (`id_ofertas`);

--
-- Indices de la tabla `estado_oferta`
--
ALTER TABLE `estado_oferta`
  ADD PRIMARY KEY (`id`);

--
-- Indices de la tabla `moneda`
--
ALTER TABLE `moneda`
  ADD PRIMARY KEY (`id`);

--
-- Indices de la tabla `ofertas`
--
ALTER TABLE `ofertas`
  ADD PRIMARY KEY (`id`),
  ADD KEY `id_moneda` (`id_moneda`),
  ADD KEY `id_actividad` (`id_actividad`),
  ADD KEY `id_estado` (`id_estado`);

--
-- Indices de la tabla `producto`
--
ALTER TABLE `producto`
  ADD PRIMARY KEY (`id`),
  ADD KEY `id_categoria` (`id_categoria`);

--
-- AUTO_INCREMENT de las tablas volcadas
--

--
-- AUTO_INCREMENT de la tabla `cronograma`
--
ALTER TABLE `cronograma`
  MODIFY `id` int(11) NOT NULL AUTO_INCREMENT;

--
-- AUTO_INCREMENT de la tabla `documentacion_ofertas`
--
ALTER TABLE `documentacion_ofertas`
  MODIFY `id` int(11) NOT NULL AUTO_INCREMENT;

--
-- AUTO_INCREMENT de la tabla `estado_oferta`
--
ALTER TABLE `estado_oferta`
  MODIFY `id` int(11) NOT NULL AUTO_INCREMENT, AUTO_INCREMENT=5;

--
-- AUTO_INCREMENT de la tabla `moneda`
--
ALTER TABLE `moneda`
  MODIFY `id` int(11) NOT NULL AUTO_INCREMENT, AUTO_INCREMENT=4;

--
-- AUTO_INCREMENT de la tabla `ofertas`
--
ALTER TABLE `ofertas`
  MODIFY `id` int(11) NOT NULL AUTO_INCREMENT;

--
-- Restricciones para tablas volcadas
--

--
-- Filtros para la tabla `cronograma`
--
ALTER TABLE `cronograma`
  ADD CONSTRAINT `cronograma_ibfk_1` FOREIGN KEY (`id_oferta`) REFERENCES `ofertas` (`id`);

--
-- Filtros para la tabla `documentacion_ofertas`
--
ALTER TABLE `documentacion_ofertas`
  ADD CONSTRAINT `documentacion_ofertas_ibfk_1` FOREIGN KEY (`id_ofertas`) REFERENCES `ofertas` (`id`);

--
-- Filtros para la tabla `ofertas`
--
ALTER TABLE `ofertas`
  ADD CONSTRAINT `ofertas_ibfk_1` FOREIGN KEY (`id_actividad`) REFERENCES `producto` (`id`),
  ADD CONSTRAINT `ofertas_ibfk_2` FOREIGN KEY (`id_estado`) REFERENCES `estado_oferta` (`id`),
  ADD CONSTRAINT `ofertas_ibfk_3` FOREIGN KEY (`id_moneda`) REFERENCES `moneda` (`id`);

--
-- Filtros para la tabla `producto`
--
ALTER TABLE `producto`
  ADD CONSTRAINT `producto_ibfk_1` FOREIGN KEY (`id_categoria`) REFERENCES `categoria` (`id`);
COMMIT;

/*!40101 SET CHARACTER_SET_CLIENT=@OLD_CHARACTER_SET_CLIENT */;
/*!40101 SET CHARACTER_SET_RESULTS=@OLD_CHARACTER_SET_RESULTS */;
/*!40101 SET COLLATION_CONNECTION=@OLD_COLLATION_CONNECTION */;
